name,country,order,centroid_lat,centroid_lon,website,fb_group,fb_page
Step Slackliners Armenia,AM,Yerevan,40.17918,44.4991,,https://www.facebook.com/groups/stepslackers/,https://www.facebook.com/armeniaslackline/
Slackline Sydney,AU,Sydney,-33.86882,151.2093,,https://www.facebook.com/groups/SlacklineSydney/,
The Bondi Slackliners,AU,Sydney Bondi,-33.89148,151.2767,,https://www.facebook.com/groups/172249732969223/,
Camden fire twirling + slackline community,AU,Campbelltown,-34.065,150.8142,,https://www.facebook.com/groups/502982613083936/,
Slackline Wollongong,AU,Wollongong,-34.42781,150.8931,,https://www.facebook.com/groups/889032734481958/,
Slackline Brisbane,AU,Brisbane,-27.46977,153.0251,,https://www.facebook.com/groups/slacklinebrisbane/,
Slackline Gold Coast,AU,Gold Coast,-28.01667,153.4,,https://www.facebook.com/groups/slacklinegoldcoast/,
Slackline Tasmania,AU,Tasmania,-41.45452,145.9707,,https://www.facebook.com/groups/1712851322261180/,
Slackline Melbourne,AU,Melbourne,-37.81361,144.9631,,https://www.facebook.com/groups/slacklinemelbourne/,
Slackline Perth,AU,Perth,-31.95053,115.8605,,https://www.facebook.com/groups/202879596433035/,
Slackline Canberra,AU,Canberra,-35.28094,149.13,,https://www.facebook.com/groups/SlacklineCanberra,https://www.facebook.com/slacklifecanberra/
Highline: Mount Arapiles,AU,Mount Arapiles,-36.75222,141.8347,,https://www.facebook.com/groups/203915803308830/,
Tiroliners - Slacklinen in Tirol,AT,Innsbruck,47.26921,11.4041,,,https://www.facebook.com/Tiroliners
Vienna Slackliners,AT,Vienna,48.20818,16.37382,http://www.vienna-slackliners.at/,,https://www.facebook.com/viennaslackliners/
BeSlack,BE,Brussels,50.85034,4.35171,,,https://www.facebook.com/BeSlackASBL/
Slack-in Liege,BE,Liege,50.63256,5.579666,,https://www.facebook.com/groups/325253400861405/,
slackline & slack rope group Mechelen,BE,Mechelen,51.02588,4.477536,,https://www.facebook.com/groups/1464792160430921/,
Slack-Leuven,BE,Leuven,50.87984,4.700518,,https://www.facebook.com/groups/1514284422184421/,
Slacklining Bulgaria,BG,,42.73369,25.486,,https://www.facebook.com/groups/SlackliningBulgaria/,
Slackline Sarajevo,BA,Sarajevo,43.85626,18.41308,,https://www.facebook.com/groups/slacklinesarajevo/,
Pico do Highline,BR,,-14.235,-51.92528,,https://www.facebook.com/groups/picohighline/,
Bow Valley Slackliners,CA,Calgary,51.04861,-114.0708,,https://www.facebook.com/groups/1704716063086566/,
Slackling in Vancouver,CA,Vancouver,49.28273,-123.1207,,https://www.facebook.com/groups/slacklinevancouver/,
SlackLifeBC,CA,British Columbia,52.90745,-126.3183,,,https://www.facebook.com/SlacklifeBC/
Toronto Slackline,CA,Toronto,43.65322,-79.38319,,https://www.facebook.com/groups/torontoslackline/,
Saskatoon Slackline,CA,Saskatoon,52.13321,-106.67,,https://www.facebook.com/groups/207564845928191/,
Slackline Québec,CA,Québec,52.93991,-73.54913,,https://www.facebook.com/groups/200606890035367/,
Slackline Montréal,CA,Montréal,45.50169,-73.56725,,,https://www.facebook.com/slacklinemontreal/
Slackline Chile,CL,,-35.27406,-71.11222,,,https://www.facebook.com/slacklineenchile/
Federación de Slackline Chile - Feslach,CL,,-35.27406,-71.11222,,,https://www.facebook.com/feslach/
Sanbekaliners Slackline Chile,CL,,-35.27406,-71.11222,,,https://www.facebook.com/sanbekaliners/
Slackline Rijeka,HR,Rijeka,45.32706,14.44218,,https://www.facebook.com/groups/slacklinerijeka/,
Slackline Zagreb,HR,Zagreb,45.81501,15.98192,,https://www.facebook.com/groups/Slackline.Zagreb/,
Slackline Aarhus,DK,Aarhus,56.16294,10.20392,,https://www.facebook.com/groups/113988152063715/,
Slackline CPH,DK,Copenhagen,55.6761,12.56834,,https://www.facebook.com/groups/SlacklineCopenhagen/,
Slackline Jyväskylä,FI,Jyväskylä,62.2426,25.74726,,https://www.facebook.com/groups/368158279998301,
Riviera Slack,FR,Nice,43.71017,7.261953,,https://www.facebook.com/groups/rs06paca/,
Slack de Noeuds,FR,Belfort,47.63968,6.863849,,,https://www.facebook.com/slackdenoeuds
Slackline à Aix en Provence,FR,Aix en Provence,43.52974,5.447427,,https://www.facebook.com/groups/slack.aix/,
Tous en Sangle,FR,Bordeaux,44.83779,-0.57918,,https://www.facebook.com/groups/232288370151449/,
Slack Dijon Spot,FR,Dijon,47.32205,5.04148,,https://www.facebook.com/groups/405413522889704/,
Vosges'en slack,FR,Epinal,48.1724,6.449403,,https://www.facebook.com/groups/133342003532246/?qsefr=1,
C'est slack...er bon,FR,Grenoble,45.18853,5.724524,,https://www.facebook.com/groups/cestslackerbon,
Ekilibre Lyon,FR,Lyon,45.76404,4.835659,,https://www.facebook.com/groups/201435976681307,
Les Mous de la Sangle,FR,Montpellier,43.61077,3.876716,,https://www.facebook.com/groups/328188467234981/,
Les Têtes à Slack,FR,Alpes Maritimes,43.94668,7.179026,,https://www.facebook.com/groups/tetes.a.slack/,
Ata slack,FR,Nice,43.71017,7.261953,,https://www.facebook.com/groups/1435437663374880/,
Parislack,FR,Paris,48.85661,2.352222,,https://www.facebook.com/groups/137606633030898/,
Sainté Slack,FR,Saint Etienne,45.43969,4.387178,,https://www.facebook.com/groups/175570982640756/,
Slack Alsace,FR,Strasbourg,48.57341,7.752111,,https://www.facebook.com/groups/Slack67/,
Ekilibre Valence,FR,Valence,44.93339,4.89236,,https://www.facebook.com/groups/495533763795628,
Slackline Aachen,DE,Aachen,50.77534,6.083887,,https://www.facebook.com/groups/201146073334128/,
Jonglage & Slackline Bamberg,DE,Bamberg,49.89882,10.90276,,https://www.facebook.com/groups/631601793555785/,
Slackline Berlin,DE,Berlin,52.52001,13.40495,,https://www.facebook.com/groups/150095688337531,https://www.facebook.com/Slackline-Berlin-157161467710235/
Slackline Brandenburg,DE,Brandenburg,52.13139,13.21625,,,https://www.facebook.com/slackline.brandenburg
Slackline Darmstadt,DE,Darmstadt,49.87283,8.651193,,https://www.facebook.com/groups/480206155328380/,
Slackline Queenstown,NZ,,-40.90056,174.886,,https://www.facebook.com/groups/439915126178902,
Slackline Dresden,DE,Dresden,51.05041,13.73726,,https://www.facebook.com/groups/323137751049472/,
Slackliners Dortmund und co.,DE,Dortmund,51.51359,7.465298,,https://www.facebook.com/groups/slacklinersdortmund/,
Slackline Düsseldorf,DE,Düsseldorf,51.22774,6.773456,,https://www.facebook.com/groups/436358436416648/,
Slacklining-Erfurt,DE,Erfurt,50.98477,11.02988,,https://www.facebook.com/groups/309022709193778/,
Slackline Frankfurt,DE,Frankfurt,50.11092,8.682127,,https://www.facebook.com/groups/198934043474400/,
Slackline Hamburg,DE,Hamburg,53.55109,9.993682,,,https://www.facebook.com/groups/slacklinehamburg
Slackline Hannover,DE,Hanover,52.37589,9.732011,,https://www.facebook.com/groups/slacklineh/,
Slackline Kaiserslautern,DE,Kaiserslautern,49.44007,7.749126,,https://www.facebook.com/groups/263730867035814/,
Slackline Karlsruhe,DE,Karlsruhe,49.00689,8.403653,,https://www.facebook.com/groups/slacklineKA,
Slackline kassel,DE,Kassel,51.31271,9.479746,,,https://www.facebook.com/slacklinekultur/
Slackline Kiel,DE,Kiel,54.32329,10.12277,,https://www.facebook.com/groups/155016904549721/,
Slackline Cologne,DE,Köln,50.93753,6.960279,,https://www.facebook.com/groups/138597742875164/,
Slackline Koblenz,DE,Koblenz,50.35694,7.588996,,https://www.facebook.com/groups/169935113136940/,
Konstanz Slackt,DE,Konstanz,47.67795,9.173239,,,https://www.facebook.com/KonstanzSlackteV/
Slackline Leipzig,DE,Leipzig,51.33969,12.37307,,https://www.facebook.com/groups/slackline.leipzig/,
Slacklining Magdeburg,DE,Magdeburg,52.12053,11.62762,,https://www.facebook.com/groups/365180743562234/,
Slackline Mainz,DE,Mainz,49.99286,8.247252,,https://www.facebook.com/groups/206074009533483/,
Slackline - München,DE,Munich,48.13512,11.58198,,https://www.facebook.com/groups/slackinmunich/,
Slackline-Freunde Münster,DE,Münster,51.96067,7.626135,,https://www.facebook.com/groups/180792365375036/,
Slackline Nürnberg,DE,Nuremberg,49.42541,11.07966,,https://www.facebook.com/groups/slacklinenuernberg/,
Slackline Potsdam,DE,Potsdam,52.39057,13.06447,,https://www.facebook.com/groups/197476966960843/,
Slackline in and arround Rosenheim,DE,Rosenheim,47.85713,12.1181,,https://www.facebook.com/groups/253394011348823/,
Slackliner Regensburg,DE,Regensburg,49.01343,12.10162,,https://www.facebook.com/groups/290871314338969,
Slackline Rostock,DE,Rostock,54.09244,12.09915,,https://www.facebook.com/groups/223268554548132,
Slackline Stuttgart,DE,Stuttgart,48.77584,9.182932,,,https://www.facebook.com/Slackline.Stuttgart.eV/
Slackline Trier,DE,Trier,49.74999,6.637143,,https://www.facebook.com/groups/slackline.trier/,
Stuggi Slack Friends,DE,Stuttgart,48.77584,9.182932,,https://www.facebook.com/groups/stuggislackfriends/,
Slackline Tübingen / Reutlingen,DE,Tübingen,48.52164,9.057645,,https://www.facebook.com/groups/slacklinetuebingengruppe/,
Slackline Greece,GR,,38.98056,21.61496,,,https://www.facebook.com/SlacklinesGreece/
Slackline Athens,GR,Athens,37.98381,23.72754,,https://www.facebook.com/groups/SlacklineAthens,
Slackline Thessaloniki,GR,Thessaloniki,40.64006,22.94442,,https://www.facebook.com/groups/slacklinethess,
SLACKTIVISM,IN,New Delhi,28.61394,77.20902,,https://www.facebook.com/groups/slacklifedelhi/,
Hyderabad Slackliners,IN,Hyderabad,17.38504,78.48667,,https://www.facebook.com/groups/413344315377552/,
Slack.in,IN,,20.59369,78.96288,,https://www.facebook.com/groups/118200971688346,
Slacklining Chennai,IN,Chennai,13.08268,80.27072,,https://www.facebook.com/groups/1065653226815596/,
IsraSlack,IL,,31.04605,34.85161,,https://www.facebook.com/groups/243493015793719/,
Slackline Milano,IT,Milano,45.46542,9.185925,,https://www.facebook.com/groups/44745637376/,
Slackline Verona,IT,Verona,45.43839,10.99162,,https://www.facebook.com/groups/1482016745394956/,
Slackline Bologna,IT,Bologna,44.49489,11.34262,,https://www.facebook.com/groups/slacklinebologna,
Slackline KL (Kuala Lumpur),MY,Kuala Lumpur,3.139003,101.6869,,https://www.facebook.com/groups/1463187137236699/,
Mexico Slackliners,MX,,23.6345,-102.5528,,https://www.facebook.com/groups/102279566524709/,
TenochtitLine // Slackline México D.F. //,MX,Mexico City,19.43261,-99.13321,,,https://www.facebook.com/tenochtitline/
Slackline Monterrey,MX,Monterrey,25.68661,-100.3161,,,https://www.facebook.com/slacklinemonterrey/
Slackline Yucatán,MX,Yucatán,20.70988,-89.09434,,https://www.facebook.com/groups/1429358327334474/,
In Slack'Ech,MX,Yucatán,20.70988,-89.09434,,,https://www.facebook.com/InSlackech/
Slackline Veracurz,MX,Veracurz,19.17377,-96.13422,,,https://www.facebook.com/queretaroslackline
Slacklife New Mexico,US,New Mexico,34.51994,-105.8701,,https://www.facebook.com/groups/1051972498178316,
Slackline Querétaro,MX,Querétaro,20.58882,-100.3899,,https://www.facebook.com/groups/slacklining.nederland,
Slacklining Nederland,NL,,52.13263,5.291266,,https://www.facebook.com/groups/slacklining.nederland/,
Eindhoven Slackline,NL,Eindhoven,51.44164,5.469722,,https://www.facebook.com/groups/1420424851503917/,
Slackline group Amsterdam,NL,Amsterdam,52.37022,4.895168,,https://www.facebook.com/groups/363163180393843/,
Slackline Apeldoorn,NL,Apeldoorn,52.21116,5.969923,,https://www.facebook.com/groups/243594492449563/,
Slackline Groningen,NL,Groningen,53.21938,6.566502,,https://www.facebook.com/groups/157702354291774/,
Slacklining Haarlem,NL,Haarlem,52.38739,4.646219,,https://www.facebook.com/groups/121667184661639/,
Slackline Leeuwarden,NL,Leeuwarden,53.20123,5.799913,,https://www.facebook.com/groups/SlacklineLeeuwarden/,
Slackline Rotterdam,NL,Rotterdam,51.92442,4.477733,,https://www.facebook.com/groups/slacklinerotterdam/,
Slackline Tilburg,NL,Tilburg,51.5606,5.091914,,https://www.facebook.com/groups/278958428884196/,
Slackline Wageningen,NL,Wageningen,51.96919,5.665395,,https://www.facebook.com/groups/155433751268503/,
Slackline Zwolle,NL,Zwolle,52.51677,6.083022,,https://www.facebook.com/groups/144626262375154/,
Slackline New Zealand,NZ,,-40.90056,174.886,,,https://www.facebook.com/SlacklineNewZealand/
New Zealand Slacklining Community,NZ,,-40.90056,174.886,,https://www.facebook.com/groups/103987436312623/,
Christchurch Slackline,NZ,Christchurch,-43.53205,172.6362,,https://www.facebook.com/groups/slackline.christchurch/,
Slacklife Queenstown,NZ,Queenstown,-45.03116,168.6626,,,https://www.facebook.com/SlacklifeQueenstown/
Slackline Oslo,NO,Oslo,59.91387,10.75224,,https://www.facebook.com/groups/311901485553492/,
Bergen Slakkline,NO,Bergen,60.39126,5.322054,,https://www.facebook.com/groups/107409712755/,
Slackline Lublin,PL,Lublin,51.24645,22.56845,,https://www.facebook.com/groups/251917658172393,
Slackline Lublin,PL,Lublin,51.24645,22.56845,,https://www.facebook.com/groups/582310955139603/,
Slackline Białystok,PL,Białystok,53.13249,23.16884,,https://www.facebook.com/groups/426400494076138/,
Slackline Warszawa w Parku Skaryszewskim,PL,Warsaw,52.22968,21.01223,,https://www.facebook.com/groups/411385045555348/,
Slackline Wrocław,PL,Wroclaw,51.10788,17.03854,,https://www.facebook.com/groups/137728586266069/,https://www.facebook.com/SlacklineWroclaw/
Slackline Poznań,PL,Poznań,52.40638,16.92517,,https://www.facebook.com/groups/slacklinepoznan/,
Slackline Biała Podlaska,PL,Biala Podlaska,52.03871,23.1445,,https://www.facebook.com/groups/188246078016938,
Slackline Białystok,PL,Białystok,53.13249,23.16884,,https://www.facebook.com/groups/426400494076138/,
Slackline Bielsko,PL,Bielsko,49.82238,19.05838,,https://www.facebook.com/groups/279192868915669/,
Slackline Bydgoszcz,PL,Bydgoszcz,53.12348,18.00844,,https://www.facebook.com/groups/1406643109559822/,
Slackline Dzierżoniów,PL,Dzierżoniów,50.73086,16.65679,,https://www.facebook.com/groups/682946961732296/,
Slackline Gostynin,PL,Gostynin,52.42933,19.46192,,https://www.facebook.com/groups/369876393165676/,
Slackline Inowrocław,PL,Inowrocław,52.79933,18.2562,,https://www.facebook.com/groups/904701936212286/,
Slackline Katowice,PL,Katowice,50.26489,19.02378,,https://www.facebook.com/groups/261455523996344/,
Slackline Kielce,PL,Kielce,50.86608,20.62857,,https://www.facebook.com/groups/SlacklineKielce/,
Slackline Kraków,PL,Kraków,50.06465,19.94498,,https://www.facebook.com/groups/343776159039263/,
Slackline / Wspinaczka - Kudowa-Zdrój,PL,Kudowa-Zdrój,50.44271,16.24266,,https://www.facebook.com/groups/590115154374821/,
Slackline Łódź,PL,Łódź,51.75925,19.45598,,https://www.facebook.com/groups/140846886039881/,
Slackline Olsztyn,PL,Olsztyn,53.77842,20.48012,,https://www.facebook.com/groups/1467105526931022/,
Slackline Oława,PL,Oława,50.94593,17.2924,,https://www.facebook.com/groups/572479572858569/,
Slackline Opole,PL,Opole,50.67511,17.9213,,https://www.facebook.com/groups/1616680595213501/,
Slackline Piła,PL,Piła,53.15097,16.73823,,https://www.facebook.com/groups/987648581280459/,
Slackline Płock,PL,Płock,52.54634,19.70654,,https://www.facebook.com/groups/107385732798492/,https://www.facebook.com/SlacklinePlock/
Slackline Polanica-Zdrój,PL,Polanica-Zdrój,50.41191,16.51481,,https://www.facebook.com/groups/1537028276610232/,
Slackline Rzeczka - Walim,PL,Rzeczka,50.66902,16.45827,,https://www.facebook.com/groups/313535965420881/,
SlackRes (Slackline Rzeszow),PL,Rzeszow,50.04119,21.99912,,https://www.facebook.com/groups/1429362413967606/,https://www.facebook.com/SlackRes
Slackline.Szczecin,PL,Szczecin,53.42854,14.55281,,https://www.facebook.com/groups/1581440775466325/,
Slackline TG,PL,Tarnowskie Góry,50.43595,18.84603,,https://www.facebook.com/groups/225363607512985/,
Slackline Toruń,PL,Toruń,53.01379,18.59844,,https://www.facebook.com/groups/slcklinetorun/,
SLACKLINE 3MIASTO,PL,Trójmiasto,54.35845,18.64675,,https://www.facebook.com/groups/213600408790113/,
Slackline Tychy,PL,Tychy,50.1218,19.02,,https://www.facebook.com/groups/798172550227152/,
Slackline Wadowice,PL,Wadowice,49.88279,19.49396,,https://www.facebook.com/groups/1115844621765937/,
Slackline Warszawa,PL,Warszawa,52.22968,21.01223,,https://www.facebook.com/groups/381689018510555/,
Slackline Zabrze,PL,Zabrze,50.32493,18.78572,,https://www.facebook.com/groups/290844527675377/,
Slackline Zielona Góra,PL,Zielona Góra,51.93562,15.50619,,https://www.facebook.com/groups/slacklineZG/,
Dragons Slackline Żmigród,PL,Żmigród,51.46654,16.90582,,,https://www.facebook.com/slackdwatrzy
SlackOn,PL,,51.91944,19.14514,,,https://www.facebook.com/SlackOnPL
Akcje highlinowe Polska,PL,,51.91944,19.14514,,https://www.facebook.com/groups/130489630381100/,
SlackChat PL,PL,,51.91944,19.14514,,https://www.facebook.com/groups/219793414836323,
Slackline Bazar PL,PL,,51.91944,19.14514,,https://www.facebook.com/groups/257544307698804/,
Slackline Brasov,RO,Braşov,45.65797,25.6012,,https://www.facebook.com/groups/slacklinebrasov,
Slackline România,RO,,45.94316,24.96676,,,https://www.facebook.com/SlacklineRomania
Slackline Cluj,RO,Cluj,46.77121,23.62364,,https://www.facebook.com/groups/169046769860981,
Slackline Community Iași,RO,Iași,47.15845,27.60144,,https://www.facebook.com/groups/slacklineiasi,
Slackline Timişoara,RO,Timişoara,45.74887,21.20868,,https://www.facebook.com/groups/slacklinetimisoara,https://www.facebook.com/SlacklineTimisoara
Slackline Singapore,SG,,1.352083,103.8198,,https://www.facebook.com/groups/478515122258210/,
Slackline Madrid,ES,Madrid,40.41677,-3.70379,,https://www.facebook.com/groups/slacklinemadrid/,
Slackline Barcelona,ES,Barcelona,41.38506,2.173404,,https://www.facebook.com/groups/slacklinebarcelona/,
Slackline Sverige,SE,,60.12816,18.6435,,https://www.facebook.com/groups/433078836802573/,
Slackline Borås,SE,Borås,57.72104,12.93982,,https://www.facebook.com/groups/405278246243979/,
Slacklife Göteborg,SE,Göteborg,57.73729,11.97136,,https://www.facebook.com/groups/215519055284206/,
Malmö Slackline,SE,Malmö,55.57905,13.01087,,https://www.facebook.com/groups/malmoslackline/,
Stockholm Slackline,SE,Stockholm,59.32932,18.06858,,https://www.facebook.com/groups/445069082194192/,
SWISS-SLACKLINE.ch,CH,,46.81819,8.227512,,,https://www.facebook.com/swissslackline/
SLACKATTACK.ch,CH,Bern,46.94798,7.447447,,,https://www.facebook.com/SLACKATTACK.ch/
Basel City Slackliners,CH,Basel,47.5596,7.588576,,,https://www.facebook.com/baselcityslackliners.info/
Slackline Romandie,CH,Romandie,46.30795,7.056337,,,https://www.facebook.com/slacklineromandie/
SlackLions,CH,Zürich,47.37689,8.541694,,https://www.facebook.com/groups/slacklinezurich,
Slackline Tulsa,US,Tulsa,36.15398,-95.99277,,,https://www.facebook.com/groups/251853265249398/
Slackline Genève,CH,Geneva,46.20439,6.143157,,https://www.facebook.com/groups/slacklinegeneve/,
Slackline Valais,CH,Valais/Wallis,46.19046,7.544923,,,https://www.facebook.com/slackline-valaisch-197438560325112/
Lausanne slackline,CH,Lausanne,46.51965,6.632273,,https://www.facebook.com/groups/192514307581823/,
Slackline St.Gallen,CH,St.Gallen,47.42448,9.376718,,https://www.facebook.com/groups/slacktheplanet/,
Slacklining Basel,CH,Basel,47.5596,7.588576,,https://www.facebook.com/groups/449643248446404/,
Slackline Nordostschweiz,CH,Nordostschweiz,47.53397,7.638164,,https://www.facebook.com/groups/EastswissSlackline/,
Slackline TICINO,CH,Ticino,46.33173,8.800453,,https://www.facebook.com/groups/slacklinelugano/,
Slackline In Thailand,TH,,15.87003,100.9925,,https://www.facebook.com/groups/360170610783978/,
Slackline İstanbul,TR,İstanbul,41.00824,28.97836,,https://www.facebook.com/groups/slackist/,
Slack Doha,QA,Doha,25.28545,51.53104,,https://www.facebook.com/groups/219491371547755/,
Arizona YogaSlackers,US,Arizona,34.04893,-111.0937,,,https://www.facebook.com/YogaSlackersAZ/
Flagstaff Slacklining,US,Flagstaff,35.19828,-111.6513,,https://www.facebook.com/groups/340064109504614,
UA Slackers,US,Tucson,32.22174,-110.9265,,https://www.facebook.com/groups/uaslackers/,
Auburn Slacklining Club,US,Auburn,32.60986,-85.48078,,https://www.facebook.com/groups/auburnslackliners/,
Des Moines Slackers,US,Des Moines,41.60054,-93.60911,,https://www.facebook.com/groups/1047664528611339/,
Berkeley Slackers,US,Berkeley,37.87159,-122.2727,,https://www.facebook.com/groups/BerkeleySlackers/,
Orange County Slackers,US,Orange County,33.71747,-117.8311,,https://www.facebook.com/groups/137108036350049/,
Slackline Monterey Bay,US,Monterey,36.60024,-121.8947,,https://www.facebook.com/groups/275070142604078/,
Merritt Slackers,US,Oakland,37.80436,-122.2711,,https://www.facebook.com/groups/Merritt.Slackers/,
San Francisco Slackline,US,San Francisco,37.77493,-122.4194,,https://www.facebook.com/groups/27315717547,
Santa Cruz Slacklining,US,Santa Cruz,36.97412,-122.0308,,https://www.facebook.com/groups/319140531481119/,
SLO Slackline,US,San Luis Obispo,35.28275,-120.6596,,https://www.facebook.com/groups/251844684837163/,
Tri-County Slackers,US,Santa Barbara,34.42083,-119.6982,,https://www.facebook.com/groups/187369968019529/,
Rocky Mountain Slackline LLC,US,Fort Collins,40.58526,-105.0844,,,https://www.facebook.com/RockyMountainSlackline/
Slackline Fort Collins,US,Fort Collins,40.58526,-105.0844,,,https://www.facebook.com/SlacklineFortCollins
Slackers at CU,US,Boulder,40.01498,-105.2705,,https://www.facebook.com/groups/slackersatcu/,
Big Island Slacklining,US,Hawaii,19.89677,-155.5828,,https://www.facebook.com/groups/368068696575863/,
Boise Slackliners,US,Boise,43.61871,-116.2146,,https://www.facebook.com/groups/427968973908348/,
Pocatello Slackline,US,Pocatello,42.8713,-112.4455,,https://www.facebook.com/groups/320652928100808/,
Rexburg Slackline Friends,US,Rexburg,43.82311,-111.7924,,https://www.facebook.com/groups/566978626821226/,
Slackline Idaho,US,Idaho,44.0682,-114.742,,https://www.facebook.com/groups/399369496838199/,
Iowa City Slackers,US,Iowa,41.878,-93.0977,,https://www.facebook.com/groups/ICSlack/,
Illinois Slackliners,US,Illinois,40.63313,-89.39853,,https://www.facebook.com/groups/1126736540731993/,
DMV Slackliners,US,Maryland,39.04575,-76.64127,,https://www.facebook.com/groups/dmvslackline/,
Slackline Boston,US,Boston,42.36008,-71.05888,,https://www.facebook.com/groups/slacklineboston/,
MINNslack,US,Minneapolis,44.97775,-93.26501,,https://www.facebook.com/groups/minnslack/,
UMN Slackline Club,US,Twin Cities,44.93748,-93.201,,,https://www.facebook.com/umnslacklineclub/?qsefr=1
Bozeman Slackline Club,US,Bozeman,45.677,-111.0429,,https://www.facebook.com/groups/bozemanslacklineclub/,
Slackline KC,US,Kansas City,39.09973,-94.57857,,https://www.facebook.com/groups/distritomakco/,
Slackline New Hampshire,US,New Hampshire,43.19385,-71.5724,,https://www.facebook.com/groups/1166901753336363/,
Slack-Librium,US,Asheville,35.59506,-82.55148,,,https://www.facebook.com/SlackLibrium/
Asheville Slackliners,US,Asheville,35.59506,-82.55148,,https://www.facebook.com/groups/ashevilleslackliners/,
OSU Slackliners,US,Columbus,39.96117,-82.99879,,https://www.facebook.com/groups/107954635957548/,
Ohio Highliners,US,Columbus,39.96117,-82.99879,,https://www.facebook.com/groups/Ohiohighliners/,
Miami Slackers,US,Oxford,34.36649,-89.51925,,https://www.facebook.com/groups/miamislackers/,
NYC Slackliners,US,New York City,40.71278,-74.00594,,https://www.facebook.com/groups/469357513094071/,
Hudson Valley Slackline,US,Hudson Valley,41.9209,-73.96129,,https://www.facebook.com/groups/1592052381051309/,
Eugene Slackers,US,Eugene,44.05207,-123.0868,,https://www.facebook.com/groups/577767668937573/,
Central Oregon Slackline,US,Smith Rock,44.36824,-121.1406,,https://www.facebook.com/groups/CentralOregonSlackline/,
PA Slackers,US,Eastern Pennsylvania,40.60277,-75.46795,,https://www.facebook.com/groups/374828849224910/,
71slack9,US,Colorado Springs,38.83388,-104.8214,,https://www.facebook.com/groups/761165107385154/,
Swat Slackerz,US,Swarthmore,39.90684,-75.35565,,https://www.facebook.com/groups/511020135618606,
WCU Slackline Society,US,West Chester,39.96066,-75.60549,,https://www.facebook.com/groups/472937362760911/,
East Coast Slackliners,US,East Coast,40.74226,-73.67423,,https://www.facebook.com/groups/EastCoastSlackline/,
South Carolina Slackline,US,South Carolina,33.83608,-81.16373,,https://www.facebook.com/groups/SouthCarolinaSlackline/,
Denton Slackliners,US,Denton,33.21484,-97.13307,,https://www.facebook.com/groups/dentonslackliners/,
Slackline Houston,US,Houston,29.76043,-95.3698,,https://www.facebook.com/groups/HoustonSlacklining/,
Slackline Austin,US,Austin,30.26715,-97.74306,,https://www.facebook.com/groups/309133349231495/,
Austin Slacklines,US,Austin,30.26715,-97.74306,,https://www.facebook.com/groups/329098067135506/,
Slackline Moab,US,Moab,38.57331,-109.5498,,https://www.facebook.com/groups/slacklinemoab/,
Happy Valley Highliners,US,Provo/Orem,40.32111,-111.6488,,https://www.facebook.com/groups/531125466911248/,
Salt Lake City Slackliners,US,Salt Lake City,40.76078,-111.891,,https://www.facebook.com/groups/368920086580579/,
RVA Slackliners,US,Richmond,37.54073,-77.43605,,https://www.facebook.com/groups/716832055116769/,
NW slackline (Seattle & beyond),US,Seattle,47.60621,-122.3321,,https://www.facebook.com/groups/nwslackline/,
NW Slackline (San Juan Islands),US,San Juan Islands,48.58812,-123.1435,,https://www.facebook.com/groups/200168316854859/,
Slackline Wenatchee,US,Wenatchee,47.42346,-120.3103,,https://www.facebook.com/groups/1625082941038262/,
UK SLACKLINE ASSOCIATION,GB,,55.37805,-3.435973,,https://www.facebook.com/groups/UKslackline/,
Slacklining London UK,GB,London,51.50735,-0.1277583,,https://www.facebook.com/groups/77154016654/,
Slackliners Of Reading,GB,Reading,51.45427,-0.9781303,,https://www.facebook.com/groups/406108939441690/,
Edinburgh Slackline Society,GB,Edinburgh,55.95325,-3.188267,,https://www.facebook.com/groups/265397410147253/,
Northumbria Slackline Society,GB,Newcastle,54.97825,-1.61778,,https://www.facebook.com/groups/northumbriaslackline/,
Slackline Moldova,MD,,47.41163,28.36988,,,https://www.facebook.com/slackline.md
Iran slackline,IR,,32.42791,53.68805,,,https://www.facebook.com/Iranslackline/
Slackline Dubai UAE,AE,Dubai,25.20485,55.27078,,https://www.facebook.com/groups/154990431216959/,
Los Locos de la Cinta - PANAMA-,PA,,8.540604,-80.78186,,https://www.facebook.com/groups/782178865203524,
Slo highline,SI,,46.15124,14.99546,,https://www.facebook.com/groups/425847847594412,
Highline Portugal,PT,,39.39987,-8.224454,,https://www.facebook.com/groups/276786135753067,
Golden Slackers,US,Golden,39.75554,-105.2211,,https://www.facebook.com/groups/344678022245065,
Slackliner Heidelberg,DE,Heidelberg,49.39875,8.672434,,https://www.facebook.com/groups/203848422983167,
Zentralschweizer Slackliner,CH,,46.81819,8.227512,,https://www.facebook.com/groups/158446410832212,
Slackline Dolomites,IT,Dolomites,46.4753,11.73942,,,https://www.facebook.com/slacklinedolomites/
Slackliner Mannheim,DE,Mannheim,49.48746,8.46604,,https://www.facebook.com/groups/157986404266913/,
Slackline France,FR,,46.22764,2.213749,,https://www.facebook.com/groups/100447203334294,
Phoenix Slackliners,US,Phoenix,33.44838,-112.074,,https://www.facebook.com/groups/146058262208810,
Bogota Slackers (Slackline Colombia),CO,,4.570868,-74.29733,,https://www.facebook.com/groups/bogotaslackers,
Slackline Italia,IT,,41.87194,12.56738,,https://www.facebook.com/groups/SlacklineItalia,
San Diego Slacklining,US,San Diego,32.71574,-117.1611,,https://www.facebook.com/groups/sdslacklining,
Slackline Querétaro,MX,Querétaro,20.58882,-100.3899,,https://www.facebook.com/groups/245959712146499,
Slackline Cachoeira,BR,Cachoeira,-12.60104,-38.96593,,https://www.facebook.com/groups/slacklinecachoeira,
Eindhoven Slackline,NL,Eindhoven,51.44164,5.469722,,https://www.facebook.com/groups/1420424851503917,
Los Locos de la Cinta - Slackline Ecuador,EC,,-1.831239,-78.1834,,https://www.facebook.com/groups/1492930747598739,
Araucária slackline,BR,Araucária,-25.11118,-49.94932,,https://www.facebook.com/groups/1631026883799048,
Slackline Budapest Klub,HU,Budapest,47.49791,19.04024,,https://www.facebook.com/groups/135943313161020,
Slackline (Granada),ES,Granada,37.17734,-3.598557,,https://www.facebook.com/groups/1488419928111449/,
Flō Slackline Zadar,HR,Zadar,44.11937,15.23137,,https://www.facebook.com/groups/1054178381375412,
Slackline Neuquen,AR,Neuquen,-38.95168,-68.05919,,https://www.facebook.com/groups/slackline.neuquen,
Slackline Valencia,ES,Valencia,39.46991,-0.3762881,,https://www.facebook.com/groups/120662984770839,
Slackline Girona,ES,Girona,41.9794,2.821426,,https://www.facebook.com/groups/1627374164206663,
Florida Slackline Acro Fire Flow Jams,US,Florida,27.66483,-81.51575,,https://www.facebook.com/groups/852299281555562,
Slackline Iquitos,EC,Iquitos,-3.982212,-79.21266,,https://www.facebook.com/groups/1654482541434510,
I Solari Marinai della Slack (Slackline Milano),IT,Milano,45.46542,9.185925,,https://www.facebook.com/groups/729089347141141,
Slackline Praia Grande - SP,BR,Praia Grande,-24.00884,-46.41246,,https://www.facebook.com/groups/193186800795573,
Slackline Vale do Aço - MG,BR,Vale do Aço,-19.44195,-42.59017,,https://www.facebook.com/groups/297302020328131,
LOKAHI - Escola de Slackline - Santos - SP,BR,Santos,-23.95613,-46.32641,,https://www.facebook.com/groups/317388671616220,
Slackline - Compra e Venda de Equipamentos Usados,BR,,-14.235,-51.92528,,https://www.facebook.com/groups/415878895108080,
Slackline Zona Leste,BR,São Paulo Zona Leste,-23.53389,-46.50333,,https://www.facebook.com/groups/slacklinezl,
Slackline Belgium,BE,,50.50389,4.469936,,https://www.facebook.com/groups/2962240000,
Slackline Salamanca!,ES,Salamanca,40.9701,-5.66354,,https://www.facebook.com/groups/424919077584788,
Slackline Bertioga,BR,Bertioga,-23.80643,-46.05895,,https://www.facebook.com/groups/435785449872556,
Slackline - Östersund,SE,Östersund,63.17668,14.63607,,https://www.facebook.com/groups/297527560396439,
Slackline Perú,PE,,-9.189967,-75.01515,,https://www.facebook.com/groups/323370747792445,
Calangos Slackline,BR,Natal,-5.779257,-35.20092,,https://www.facebook.com/groups/1696489627251102,
Slackline Normandie,FR,Normandie,48.87987,0.1712529,,https://www.facebook.com/groups/1696489627251102,
Slackline Brescia,IT,Brescia,45.54155,10.2118,,https://www.facebook.com/groups/1520352678231361,
Slackline Ardèche,FR,Ardèche,44.75963,4.562443,,https://www.facebook.com/groups/167694273378846,
Tasmania Slackline,AU,Tasmania,-41.45452,145.9707,,https://www.facebook.com/groups/1712851322261180,
Nokaya Slackline - BRASIL (Grupo),BR,,-14.235,-51.92528,,https://www.facebook.com/groups/nokaya,
Swiss-Slackline Chat,CH,,46.81819,8.227512,,https://www.facebook.com/groups/29750285400,
Auckland University Slackline people,NZ,Devonport,-36.82744,174.7967,,https://www.facebook.com/groups/462833687199383,
Hanoï Slack-line,VN,Hanoï,21.02777,105.8342,,https://www.facebook.com/groups/807232429297074,
Slackline Colombia (Mujeres),CO,,4.570868,-74.29733,,https://www.facebook.com/groups/130339827161329,
Camden Fire Twirling + Slackline Community,AU,Camden Macarthur,-34.05444,150.6958,,https://www.facebook.com/groups/502982613083936,
Slackline Mendoza,AR,Mendoza,-32.88946,-68.84584,,https://www.facebook.com/groups/214698078570528,
Lineforeningen (Slackline Trondheim),NO,Trondheim,63.43052,10.39505,,https://www.facebook.com/groups/1488420731483860,
Slackline Cardiff,GB,Cardiff,51.48158,-3.17909,,https://www.facebook.com/groups/slacklinecardiff,
Slackline Porto Velho/RO,BR,Porto Velho,-8.761161,-63.90043,,https://www.facebook.com/groups/751268841668214,
Slacklining York,GB,Yorkshire,53.69908,-1.122868,,https://www.facebook.com/groups/SlacklineYork,
Slackline Ostrava,CZ,Ostrov,50.30593,12.93908,,https://www.facebook.com/groups/225282337487422,
Slackline Panama,PA,,41.20332,-77.19453,,https://www.facebook.com/groups/Slacklinepanama,
Jefferson State Slacklines,US,Northern California,38.83752,-120.8958,,https://www.facebook.com/groups/174066186303076,
Slackline Cuenca,EC,Cuenca,-2.900129,-79.0059,,https://www.facebook.com/groups/373143052837139,
Slackline Firenze,IT,Firenze,43.76956,11.25581,,https://www.facebook.com/groups/210085015851384,
Slackline New Hampshire,US,New Hampshire,43.19385,-71.5724,,https://www.facebook.com/groups/1166901753336363,
SLACKLINE PERTH  AUSTRALIA <3,AU,Perth,-31.95053,115.8605,,https://www.facebook.com/groups/202879596433035,
slackline Belgium (nl),BE,,50.50389,4.469936,,https://www.facebook.com/groups/100797709993181,
Bellingham Slackline Group,US,Bellingham,48.75191,-122.4787,,https://www.facebook.com/groups/485108571648225,
Slackline Goiânia,BR,Goiânia,-16.68689,-49.26479,,https://www.facebook.com/groups/slacklinegyn,
Tivoli slackline sessions,IT,Tivoli,41.96122,12.79398,,https://www.facebook.com/groups/1401204650097960,
Slackline Brasov,RO,Brasov,45.65797,25.6012,,https://www.facebook.com/groups/slacklinebrasov,
Slackline Group Arnhem-Nijmegen,NL,Arnhem-Nijmegen,51.91472,5.885833,,https://www.facebook.com/groups/slacklinegrouparnhemnijmegen,
Slackline Romagna,IT,Romagna,44.59676,11.21864,,https://www.facebook.com/groups/slackline.romagna,
Northumbria Slackline Society,GB,Northumbria University,54.97689,-1.607595,,https://www.facebook.com/groups/northumbriaslackline,
Slacklining Maastricht (Slackline),NL,Maastricht,50.85137,5.690972,,https://www.facebook.com/groups/436523529755078,
Patos Slackers (Cordoba slackline),ES,Cordoba,37.88818,-4.779384,,https://www.facebook.com/groups/cuackslack,
Slackline MARBELLA,ES,Marbella,36.51007,-4.882447,,https://www.facebook.com/groups/150866975118873,
Slackline Tenerife,ES,Tenerife,28.29156,-16.62913,,https://www.facebook.com/groups/369855609796952,
Araucania Slackline,CL,Araucania,-38.94892,-72.33112,,https://www.facebook.com/groups/Araucaniaslackline,
SLACKLINE - TORRES/RS,BR,Torres RS,-29.33441,-49.72391,,https://www.facebook.com/groups/slacklineTorresRS,
Slackline Cancun,MX,Cancun,21.16191,-86.85152,,https://www.facebook.com/groups/411310728900053,
Santiago Slackline,CL,Santiago,-33.44889,-70.66927,,https://www.facebook.com/groups/356446821095653,
Club Social y Deportivo Slackline Costaline,CL,El Tabo,-33.45572,-71.66693,,https://www.facebook.com/groups/534012346703172,
Slackline Toulouse (le groupe ),FR,Toulouse,43.60465,1.444209,,https://www.facebook.com/groups/1375755199323671,
SlackPoints Slackline Porto Alegre - novidades e picos por ae...,BR,Porto Alegre,-30.03465,-51.21766,,https://www.facebook.com/groups/slacklineportoalegre,
Oahu Slackline,US,Oahu,21.43891,-158.0001,,https://www.facebook.com/groups/238522779607434,
Leeds Slacklining,GB,Leeds,53.80075,-1.549077,,https://www.facebook.com/groups/289577124386328,
Slackline Cagliari,IT,Cagliari,39.22384,9.121661,,https://www.facebook.com/groups/918614061485089,
Slackline B.D.B,FR,Bois de Boulogne,48.86244,2.249173,,https://www.facebook.com/groups/779635565408233,
Slackline UFMG,BR,Universidade Federal de Minas Gerais,-19.86909,-43.96638,,https://www.facebook.com/groups/slackline.ufmg,
Slackline Zürich,CH,Zürich,47.37689,8.541694,,https://www.facebook.com/groups/slacklinezurich,
Slackline Ancona,IT,Ancona,43.61583,13.51892,,https://www.facebook.com/groups/293903260817778,
Compra y venta de Slacklines usados CHILE,CL,,-35.67515,-71.54297,,https://www.facebook.com/groups/slackusados,
BALI SLACKLINE,ID,Bali,-8.340539,115.0919,,https://www.facebook.com/groups/683822871634065,
Slackline Padova,IT,Padova,45.40643,11.87676,,https://www.facebook.com/groups/1376274022605831,
Newcastle Australia Slacklining,AU,Newcastle,-32.8851,151.724,,https://www.facebook.com/groups/298207786900174,
Slackline Lisboa,PT,Lisbon,38.72225,-9.139337,,https://www.facebook.com/groups/186933448020181,
Slackline Salvador,BR,Bahia,-12.57974,-41.70073,,https://www.facebook.com/groups/slacklinesalvador,
Slackline Bucuresti,RO,Bucuresti,44.42677,26.10254,,https://www.facebook.com/groups/slacklinebucuresti,
Slackline Cumbria,GB,Cumbria,54.57723,-2.797483,,https://www.facebook.com/groups/472603896143971,
Lemur Team Slackline Brasil,BR,,-14.235,-51.92528,,https://www.facebook.com/groups/lemurslacklines,
Slackline Cádiz,ES,Cádiz,36.52706,-6.288596,,https://www.facebook.com/groups/1514348995475979,
Slackline Itatiba,BR,Itatiba,-23.00399,-46.8468,,https://www.facebook.com/groups/236738006440096,
Slackline España,ES,,40.46367,-3.74922,,https://www.facebook.com/groups/138821139616995,
Slackline  Haute-Savoie,FR,Haute-Savoie,46.17568,6.538962,,https://www.facebook.com/groups/136383753114013,
Slackline Wiesbaden,DE,Wiesbaden,50.07822,8.23976,,https://www.facebook.com/groups/1118106848245211,
Slackline Petrópolis,BR,Petrópolis,-22.51126,-43.17791,,https://www.facebook.com/groups/301971046525512,
Jerusalem Slackline,IL,Jerusalem,31.76832,35.21371,,https://www.facebook.com/groups/429721663821139,
Slackline - São José dos Campos e Região,BR,São José  dos campos,-23.2237,-45.90091,,https://www.facebook.com/groups/279494748804001,
Slackline China,CN,,35.86166,104.1954,,https://www.facebook.com/groups/239052822860137,
Slackline Antwerpen,BE,Antwerpen,51.21945,4.402464,,https://www.facebook.com/groups/1407577446176946,
Slackline Torino,IT,Torino,45.07031,7.686856,,https://www.facebook.com/groups/SlacklineTorino,
SLACKLINE Santa Fe,US,Santa Fe,35.68697,-105.9378,,https://www.facebook.com/groups/114003572018821,
SlackLine URUGUAY,UY,,-32.52278,-55.76583,,https://www.facebook.com/groups/213183395550577,
Annecy Slackline,FR,Annecy,45.89925,6.129384,,https://www.facebook.com/groups/376860022360634,
SlacklinE NordestE,BR,NordestE,-10.06264,-42.55096,,https://www.facebook.com/groups/439189726112271,
Slackline Las Palmas (Gran Canaria),ES,Gran Canaria,27.92022,-15.54744,,https://www.facebook.com/groups/245742688814462,
Vale Slackline,BR,Paraíba,-7.239961,-36.78195,,https://www.facebook.com/groups/521377924626604,
Slackline @ Helsinki,FI,Helsinki,60.16986,24.93838,,https://www.facebook.com/groups/204930092873911,
Slackline Mar del plata,CL,Mar Del Plata,-33.43317,-70.60904,,https://www.facebook.com/groups/263647037088047,
Colorado Slackline Club,US,Colorado,39.55005,-105.7821,,https://www.facebook.com/groups/coloradoslacklineclub,
NW slackline (Seattle & beyond),US,Seattle,47.60621,-122.3321,,https://www.facebook.com/groups/nwslackline,
GOODVIBES Paraná (slackline),BR,Paraná,-25.25209,-52.02154,,https://www.facebook.com/groups/231276606908203,
Sheffield slacklining,GB,Sheffield,53.38113,-1.470085,,https://www.facebook.com/groups/410136965685047,
Slackline - Teresina-PI,BR,Teresina,-5.044685,-42.76623,,https://www.facebook.com/groups/193498270727510,
Slackline Viña del Mar,CL,Viña del Mar,-33.01535,-71.55003,,https://www.facebook.com/groups/287467638061268,
Slackline CPH,DK,Copenhagen,55.6761,12.56834,,https://www.facebook.com/groups/SlacklineCopenhagen,
Slackline Recife,BR,Recife,-8.057838,-34.8829,,https://www.facebook.com/groups/slackrecife,
Slackline Poitiers,FR,Poitiers,46.58022,0.340375,,https://www.facebook.com/groups/225311394301871,
University of Nottingham Slacklining Society,GB,University of Nottingham,52.93864,-1.195158,,https://www.facebook.com/groups/UoNSlackliningSociety,
SLACKLINE PUEBLO LIBRE,PE,Pueblo Libre,-12.07876,-77.06554,,https://www.facebook.com/groups/545463875518776,
Slackline Bahia,BR,Bahia,-12.57974,-41.70073,,https://www.facebook.com/groups/slacklinebahia,
Slackline Bariloche,AR,Bariloche,-41.13347,-71.31028,,https://www.facebook.com/groups/536914129685472,
Slackline Porto,PT,Porto,41.15794,-8.629106,,https://www.facebook.com/groups/352287361573507,
Lviv Slackline,UA,Lviv,49.83968,24.02972,,https://www.facebook.com/groups/LvivSlackline,
Sur le Fil : Brest Slackline,FR,Brest,48.39039,-4.486076,,https://www.facebook.com/groups/642665652437476,
Adelaide Slackline Syndicate,AU,Adelaide,-34.9285,138.6007,,https://www.facebook.com/groups/AdelaideSlackliners,
Sanka Slackline,BR,São Carlos,-22.00871,-47.89091,,https://www.facebook.com/groups/sankaslackline,
Slackline Maringá,BR,Maringá,-23.421,-51.93306,,https://www.facebook.com/groups/379111232109797,
Descalvado Slackline,BR,Descalvado,-21.91593,-47.62028,,https://www.facebook.com/groups/descalvadoslackline,
Slackline - Parque do Flamengo (Rio de Janeiro),BR,"Parque do Flamengo, Rio de Janeiro",-22.92832,-43.17316,,https://www.facebook.com/groups/202137713153921,
"Slackline Trutnovsko, Náchodsko & Broumovsko",CZ,Broumovsko,50.58566,16.33182,,https://www.facebook.com/groups/568458873200856,
"Slacklining - Cambridge, UK",GB,Cambridge,52.20534,0.121817,,https://www.facebook.com/groups/134664093232085,
University of Manchester Slackline Society,GB,University of Manchester,53.46685,-2.233884,,https://www.facebook.com/groups/uomslackline,
Durango Slackline,US,Durango,37.27528,-107.8801,,https://www.facebook.com/groups/308165902556978,
Slackline - Sampaio Moreira Parque,BR,São Paulo,-23.55052,-46.63331,,https://www.facebook.com/groups/265800503594126,
Liverpool Slacklining.. (LivSlackers - Slackline Group),GB,Liverpool,53.40837,-2.991573,,https://www.facebook.com/groups/LivSlackers,
SlackLine Uberlândia - MG,BR,Uberlândia,-18.91461,-48.27538,,https://www.facebook.com/groups/496599617038867,
slackline Itabira,BR,Itabira,-19.62442,-43.23164,,https://www.facebook.com/groups/131333947062166,
Slackline Salzburg,AT,Salzburg,47.80949,13.05501,,https://www.facebook.com/groups/slacklinesalzburg,
Slackline Argentina,AR,,-38.4161,-63.61667,,https://www.facebook.com/groups/35689976544,
Slackline Roma,IT,Roma,41.90278,12.49637,,https://www.facebook.com/groups/1483045301984576,
Slackline Reims,FR,Reims,49.25833,4.031696,,https://www.facebook.com/groups/698583786882857,
BOGOTA SlackLine,CO,Bogota,4.710989,-74.07209,,https://www.facebook.com/groups/212763555459167,
Slackline Portland,US,Portland,45.52306,-122.6765,,,https://www.facebook.com/SlacklinePortland/
Slackline Dublin,IE,Dublin,53.3498,-6.26031,,https://www.facebook.com/groups/slacklinedublin,
Slackline en Costa Rica,CR,,9.748917,-83.75343,,https://www.facebook.com/groups/slacklinecr,
Slackline Ilhabela,BR,Ilhabela,-23.77903,-45.35566,,https://www.facebook.com/groups/175667069200812,
Slackline Beskydy,PL,Beskydy,49.54393,20.14344,,https://www.facebook.com/groups/1455828234700453,
Slackline Brasília,BR,Brasília,-15.79423,-47.88216,,https://www.facebook.com/groups/slacklinebrasilia,
Dunedin Slackline,NZ,Dunedin,-45.87876,170.5028,,,https://www.facebook.com/groups/DunedinSlackline/
Slackline in and around Rosenheim,DE,Rosenheim,47.85713,12.1181,,https://www.facebook.com/groups/253394011348823,
SlackLine Sorocaba,BR,Sorocaba,-23.50153,-47.45259,,https://www.facebook.com/groups/slaclinesorocaba,
Slackline Sevilla,ES,Sevilla,37.38909,-5.984459,,https://www.facebook.com/groups/203154696402921,
Slackline Chamonix,FR,Chamonix,45.9237,6.869433,,https://www.facebook.com/groups/246214455528529,
Bandung Slacklines,ID,Bandung,-6.917464,107.6191,,https://www.facebook.com/groups/326316210737045,
Slackline Málaga,ES,Málaga,36.72128,-4.421399,,https://www.facebook.com/groups/1422290168005495,
Slackline in Latvia,LV,,56.87963,24.60319,,https://www.facebook.com/groups/slackline.lv/,
SlackLine Ibiá,BR,Ibiá,-19.48781,-46.54505,,https://www.facebook.com/groups/387422224674635,
SLACKLINE ATIBAIA,BR,Atibaia,-23.11755,-46.55671,,https://www.facebook.com/groups/slackatibaia,
Slackline - New Zealand,NZ,,-40.90056,174.886,,https://www.facebook.com/groups/102636886449530,
Slackline Santa Monica OMB,US,Santa Monica,34.01945,-118.4912,,https://www.facebook.com/groups/SlacklineSantamonica,
Mamutes Slackline,BR,São José dos Campos,-23.2237,-45.90091,,https://www.facebook.com/groups/175281592631106,
SlackLine Paris Banlieu Est,FR,Paris,48.85661,2.352222,,https://www.facebook.com/groups/304549529731399,
Durham University Slacklining Club,GB,Durham University,54.76498,-1.578203,,https://www.facebook.com/groups/1498681813706837,
Slackline(APERITIVI)Fabriano,IT,Fabriano,43.34497,12.90622,,https://www.facebook.com/groups/636657153092588,
Slackline Spaghetti,IT,Turin,41.87194,12.56738,,https://www.facebook.com/groups/slackspaghetti,
Slackline Riobamba,EC,Riobamba,-1.663551,-78.65465,,https://www.facebook.com/groups/196249570550463,
Sunshine Slackline Rio Preto,BR,Rio Preto,-20.81176,-49.37623,,https://www.facebook.com/groups/277811355716422,
Slackline  Posadas,AR,Posadas,-27.36214,-55.90088,,https://www.facebook.com/groups/slacklinePosadas,
Slackline Limerick,IE,Limerick,52.66802,-8.630498,,https://www.facebook.com/groups/134402476891204,
Boulder Slacklining Association (BSA),US,Boulder,40.01498,-105.2705,,https://www.facebook.com/groups/bocoslackline/,
Slackline Ribeirão Preto,BR,Ribeirão Preto,-21.17051,-47.81025,,https://www.facebook.com/groups/1516707398548573,
Slackline Campinas e região,BR,Campinas,-22.90994,-47.06263,,https://www.facebook.com/groups/366439460082746,
Slackline Bauru,BR,Bauru,-22.31446,-49.0587,,https://www.facebook.com/groups/624959884249855,
Slackline Belfast,GB,Belfast,54.59729,-5.93012,,https://www.facebook.com/groups/BelfastSlack,
Slackline Ankara,TR,Ankara,39.93336,32.85974,,https://www.facebook.com/groups/slacklineankara,
Slackline Göteborg,SE,Göteborg,57.73729,11.97136,,https://www.facebook.com/groups/5695569041,
Aclimaroots Slackline - SP,BR,Aclimação,-23.57149,-46.63097,,https://www.facebook.com/groups/162481947176658,
Slackline Sarajevo,BA,Sarajevo,43.85626,18.41308,,https://www.facebook.com/groups/slacklinesarajevo,
Georgian Slackline / სლექლაინი,GE,,34.83253,-82.28609,,https://www.facebook.com/groups/1406012539710551,
Slackline La Plata,AR,La Plata,-34.92049,-57.95357,,https://www.facebook.com/groups/300277126679860,
Annecy Slackline,FR,Annecy,45.89925,6.129384,,https://www.facebook.com/groups/376860022360634,
Slackline Curitiba,BR,Curitiba,-25.42895,-49.26714,,https://www.facebook.com/groups/283410578354121,
de Pakhuys,ZA,de Pakhuys,-32.12067,19.05956,,https://www.facebook.com/groups/depakhuys/,
City Slackers,ZA,"De Waal Park, Cape Town",-33.93635,18.4124,,https://www.facebook.com/groups/cityslackers/,
SlackLine Itabuna,BR,Itabuna,-14.78803,-39.27842,,https://www.facebook.com/groups/488137804559659,
Slackline Tucano,BR,Tucano,-10.95882,-38.78976,,https://www.facebook.com/groups/307343875993477,
Slackline  - Sombrio/Balneário Gaivota,BR,Balneário Gaivota,-29.15469,-49.58091,,https://www.facebook.com/groups/513460102059808,
Slackline - Linhares,BR,Linhares,-19.39466,-40.06527,,https://www.facebook.com/groups/399444276779625,
SLACKLINE JACOBINA,BR,Jacobina,-11.18165,-40.51206,,https://www.facebook.com/groups/207164352712261,
Slackline Baixada - GUARUJÁ,BR,Guarujá,-23.99491,-46.25687,,https://www.facebook.com/groups/266363383420116,
Slackchat,INT,,,,,https://www.facebook.com/groups/slackchat,
Slack Reunion,RE,Réunion,-21.11514,55.53638,,https://www.facebook.com/slackline.reunion/,
Joburg Slack Sessions,ZA,Johannesburg,-26.2041,28.0473,,https://www.facebook.com/groups/822345764505845,
The Steamboat Springs Slackliners,US,Steamboat Springs,40.48498,-106.8317,,,https://www.facebook.com/SteamboatSpringsSlackliners/
Slackline Bishkek,KG,Bishkek,42.87462,74.56976,,https://www.facebook.com/slacklinebishkek/,
LOS LOCOS DE LA CINTA - Buenos Aires,AR,Buenos Aires,-34.60368,-58.38156,,https://www.facebook.com/groups/slacklinebuenosaires/,
San Jose Slackliners,US,San Jose,37.33821,-121.8863,,https://www.facebook.com/groups/733100326752441/,
Slackline Lebanon,LB,,33.85472,35.86229,,https://www.facebook.com/groups/196219180736179/,
Preston Slackliners,GB,Preston,53.7632,-2.70309,,https://www.facebook.com/groups/1088546777848868/,
Slackline Iceland,IS,,64.96305,-19.02084,,https://www.facebook.com/groups/1317408388377662,
Slackline Mérida,MX,Mérida,20.96737,-89.59258,,,https://www.facebook.com/slacklinemerida/
Southern Maine Slacklining,US,Southern Maine,43.66147,-70.25533,,https://www.facebook.com/groups/1484172418502134/,
Slackline Taipei,TW,Taipei,25.03297,121.5654,,https://www.facebook.com/groups/slacklinetaipei/,
SlackChat: Michigan,US,Michigan,44.31485,-85.60236,,https://www.facebook.com/groups/450028061708830/,
Slackline Toscana A.S.D,IT,Toscana,43.77105,11.24862,,,https://www.facebook.com/slacklinetoscana/
Slacklining Hong Kong,HK,,22.39643,114.1095,,,https://www.facebook.com/SlackliningHongKong/
Atlanta Slackers,US,Atlanta,33.749,-84.38799,,https://www.facebook.com/groups/422589797883010/,
Slackline Kalamata,GR,Kalamata,37.04224,22.11413,,https://www.facebook.com/groups/998901500195809/,
Slackline Canarias,ES,Canary Islands,28.29156,-16.62913,,,https://www.facebook.com/Slackline-Canarias-1173353029384051/
Slackline Abruzzo,IT,Abruzzo,42.19201,13.72892,,,https://www.facebook.com/abruzzoslackline/
Slacklife,INT,,,,,https://www.facebook.com/groups/131122536978619/,
Slacklife Russia,RU,,61.52401,105.3188,,https://www.facebook.com/slackliferus/,
Coventry Slacklining,GB,Coventry,52.40682,-1.519693,,https://www.facebook.com/groups/835575759905175,
Movimento Slackline Prato,IT,Prato,43.8777,11.10223,,https://www.facebook.com/groups/497207167142258/,https://www.facebook.com/slacklineprato/
People of Balance - association de slackline,CH,Nyon,46.38327,6.234785,,,https://www.facebook.com/POB1260
Slackline Olomouc,CZ,Olomouc,49.59378,17.25088,,,https://www.facebook.com/pg/SlacklineOlomouc
Lajny - kdy a kde?,CZ,,49.81749,15.47296,,https://www.facebook.com/groups/slacklinecz,
Pojme natáhnout! (Slackline Třinec),CZ,Třinec,49.67763,18.67079,,https://www.facebook.com/groups/1390430897898137,
Lajny - odkazy,CZ,,49.81749,15.47296,,https://www.facebook.com/groups/slacklineCZnews,
Lajna Brno,CZ,Brno,49.19506,16.60684,,https://www.facebook.com/groups/162772360407283,
Lajny - Dobříš a okolí,CZ,Dobříš,49.78114,14.16717,,https://www.facebook.com/groups/1579658302309442,
Lajny - Bazár,CZ,,49.81749,15.47296,,https://www.facebook.com/groups/slacklineczbazar,
Slackline Hradec Králové,CZ,Hradec Králové,50.21036,15.82521,,https://www.facebook.com/groups/178428682210471,
slackline a climbing K.Vary,CZ,Karlovy Vary,50.23185,12.87196,,https://www.facebook.com/groups/365982720117125,
slackline liberec,CZ,Liberec,50.76628,15.05434,,https://www.facebook.com/groups/lajnari.lbc,
Perníková lajna,CZ,Pardubice,50.03431,15.7812,,https://www.facebook.com/groups/202419926446209,
Pilsner slackliners,CZ,Plzen,49.73843,13.37364,,https://www.facebook.com/groups/127897497260437,
Lajna Rožnov a okolí,CZ,Rožnov,49.45853,18.14303,,https://www.facebook.com/groups/124621760907278,
SlacklineLv,LV,,56.87963,24.60319,,,https://www.facebook.com/slacklinelv
Friends of slackline in Bochum!!!,DE,Bochum,51.48185,7.216236,,https://www.facebook.com/groups/477952575677496/,
Slackline Vorarlberg,DE,,51.16569,10.45153,,,https://www.facebook.com/slacklinevorarlberg/
Slack Linkers 91,FR,Essonne,48.45857,2.156942,,https://www.facebook.com/groups/119225124907877/,
Slackline Australia,AU,,-25.2744,133.7751,https://slackline.com.au,,
Slackline Australia Gold Coast Tribe,AU,Gold Coast,-28.01667,153.4,,https://www.facebook.com/groups/slacklinegoldcoast/,
Slackline Bundaberg,AU,Bundaberg,-24.86697,152.351,,https://www.facebook.com/groups/174018779675209,
North Sydney Slackline,AU,North Sydney,-33.83965,151.2054,,https://www.facebook.com/groups/1551373241857960,
Darwin slacklining community,AU,Darwin,-12.46344,130.8456,,https://www.facebook.com/groups/332360046913669/,
Slackline Fribourg,CH,Fribourg,46.80648,7.161972,,https://www.facebook.com/groups/116524911848389/,
Philly Slackers,US,Philadelphia,39.95258,-75.16522,,https://www.facebook.com/groups/1155231911207612/,
SLACKROBATS,INT,,,,,https://www.facebook.com/groups/1133104230049009,
Slack&run,RE,Reunion,-21.11514,55.53638,,https://www.facebook.com/groups/slackchat/permalink/1544365512303987,
Rodeoline/Sagline,INT,,,,,https://www.facebook.com/groups/1379946232331005/,
Slackline actions Europe,DE,,51.16569,10.45153,,https://www.facebook.com/groups/Highline.Actions.Europe/,
Slack'A Lot,FR,Figeac,44.60829,2.032871,,,https://www.facebook.com/SlackaLot
Slackliners de Polynésie,PF,,-17.67974,-149.4068,,https://www.facebook.com/groups/fenuaslackline/,